<project
    xmlns:maven="jelly:maven"
    xmlns:ant="jelly:ant"
    xmlns:j="jelly:core"
    xmlns:u="jelly:util">

    <!-- Clean up local files. -->
    <postGoal name="clean">
        <ant:delete quiet="true" failonerror="false">
            <fileset dir="${basedir}">
                <include name="junit*.properties"/>
                <include name="datanucleus*.log"/>
                <include name="maven.log"/>
                <include name="datanucleusAutoStart.xml"/>
            </fileset>
        </ant:delete>
    </postGoal>

    <!-- Copy required files that we need in source distributions -->
    <preGoal name="dist:build-src">
        <ant:copy todir="${maven.build.dir}/${maven.final.name}/src/${maven.final.name}">
            <ant:fileset file="${basedir}/build.properties" />
            <ant:fileset file="${basedir}/README*" />
            <ant:fileset file="${basedir}/LICENSE.txt" />
            <ant:fileset file="${basedir}/NOTICE.txt" />
            <ant:fileset file="${basedir}/plugin.xml" />
        </ant:copy>
        <ant:copy todir="${maven.build.dir}/${maven.final.name}/src/${maven.final.name}/META-INF">
            <ant:fileset dir="${basedir}/META-INF" />
        </ant:copy>
    </preGoal>

    <!-- Generate DataNucleus deployment properties -->
    <preGoal name="java:compile">
        <ant:copy todir="${maven.build.dir}/classes">
            <ant:fileset file="${basedir}/plugin.xml" />
        </ant:copy>
        <ant:copy todir="${maven.build.dir}/classes/META-INF">
            <ant:fileset dir="${basedir}/META-INF" />
        </ant:copy>
    </preGoal>

    <postGoal name="java:compile">
        <echo file="${basedir}/target/classes/org/datanucleus/DataNucleusVersion.properties" append="false">datanucleus.vendor=DataNucleus
datanucleus.version=${pom.currentVersion}</echo>
    </postGoal>

</project>
