<?xml version="1.0"?>
<project>
    <pomVersion>3</pomVersion>
    <groupId>org.datanucleus</groupId>
    <artifactId>datanucleus-core</artifactId>
    <name>DataNucleus Core</name>
    <currentVersion>1.1.0</currentVersion>
    <shortDescription>DataNucleus Core</shortDescription>
    <description><![CDATA[
        DataNucleus is a heterogenous Java persistence solution. 
        It implements the JDO1, JDO2 and JPA1 specifications of Java persistence. 
        This jar provides core functionality.
        ]]></description>

    <!-- Software Dependencies -->
    <dependencies>
        <dependency>
            <groupId>log4j</groupId>
            <artifactId>log4j</artifactId>
            <version>1.2.8</version>
            <url>http://jakarta.apache.org/log4j/</url>
        </dependency>
        <dependency>
            <groupId>javax.jdo</groupId>
            <artifactId>jdo2-api</artifactId>
            <version>2.3-SNAPSHOT</version>
            <url>http://db.apache.org/jdo/</url>
        </dependency>
        <dependency>
            <groupId>javax.transaction</groupId>
            <artifactId>transaction-api</artifactId>
            <version>1.1</version>
            <url>http://java.sun.com/products/jta/</url>
        </dependency>

        <!-- Required for Eclipse OSGI -->
        <dependency>
            <groupId>org.eclipse.equinox</groupId>
            <artifactId>org.eclipse.equinox.registry</artifactId>
            <version>3.2.0</version>
            <url>http://eclipse.org/equinox/</url>
        </dependency>
        <dependency>
            <groupId>org.eclipse.equinox</groupId>
            <artifactId>org.eclipse.equinox.common</artifactId>
            <version>3.2.0</version>
            <url>http://eclipse.org/equinox/</url>
        </dependency>
        <dependency>
            <groupId>org.eclipse.core</groupId>
            <artifactId>org.eclipse.core.runtime</artifactId>
            <version>3.2.0</version>
            <url>http://eclipse.org/equinox/</url>
        </dependency>
        <dependency>
            <groupId>org.eclipse.osgi</groupId>
            <artifactId>org.eclipse.osgi</artifactId>
            <version>3.2.0</version>
            <url>http://eclipse.org/equinox/</url>
        </dependency>

    </dependencies>

    <!-- Build process -->
    <build>
        <sourceDirectory>src/java</sourceDirectory>

        <resources>
            <resource>
                <directory>${basedir}/src/java</directory>
                <includes>
                    <include>**/plugin.xml</include>
                    <include>**/*.properties</include>
                    <include>**/*.dtd</include>
                    <include>**/*.xsd</include>
                    <include>**/*.jdo</include>
                    <include>**/javax.jdo.PersistenceManagerFactory</include>
                </includes>
            </resource>
            <resource>
                <directory>${basedir}</directory>
                <targetPath>META-INF/</targetPath>
                <includes>
                    <include>NOTICE.txt</include>
                    <include>README.txt</include>
                </includes>
            </resource>
            <resource>
                <directory>${basedir}</directory>
                <includes>
                    <include>plugin.xml</include>
                    <include>META-INF/MANIFEST.MF</include>
                    <include>schema/*</include>
                </includes>
            </resource>
        </resources>

        <!-- JUnit, component tests -->
        <unitTestSourceDirectory>src/test</unitTestSourceDirectory>
        <unitTest>
            <includes>
                <include>**/*Test.java</include>
            </includes>
            <resources>
                <resource>
                    <directory>${basedir}/src/test</directory>
                    <includes>
                        <include>**/persistence*.xml</include>
                        <include>**/plugin*.xml</include>
                        <include>**/*.jdo*</include>
                        <include>**/*.orm*</include>
                        <include>**/*.xsd</include>
                        <include>**/*.jdoquery*</include>
                        <include>**/*.MF</include>
                        <include>log4j.properties</include>
                    </includes>
                </resource>
                <resource>
                    <directory>${basedir}/</directory>
                    <includes>
                        <include>plugin.xml</include>
                    </includes>
                </resource>
            </resources>
        </unitTest>
    </build>

    <!-- Reports that we are interested in -->
    <reports>
        <report>maven-javadoc-plugin</report>
    </reports>
</project>
