<?xml version="1.0"?>
<!--
   Copyright 2004-2005 The Apache Software Foundation

   Licensed under the Apache License, Version 2.0 (the "License");
   you may not use this file except in compliance with the License.
   You may obtain a copy of the License at

       http://www.apache.org/licenses/LICENSE-2.0

   Unless required by applicable law or agreed to in writing, software
   distributed under the License is distributed on an "AS IS" BASIS,
   WITHOUT WARRANTIES OR CONDITIONS OF ANY KIND, either express or implied.
   See the License for the specific language governing permissions and
   limitations under the License.
-->

<!--
This file is used by the maven-changes-plugin to generate the release notes.
Useful ways of finding items to add to this file are:

1.  Add items when you fix a bug or add a feature (this makes the 
release process easy :-).

2.  Do a bugzilla search for tickets closed since the previous release.

3.  Use the report generated by the maven-changelog-plugin to see all
CVS commits.  Set the project.properties' maven.changelog.range 
property to the number of days since the last release.


The <action> type attribute can be add,update,fix,remove.
-->

<document>
  <properties>
    <title>Release Notes</title>
  </properties>
  <body>

    <release version="1.2.0" date="2005-11-15">
      <action dev="dgraham" type="add">
        Added ISBNValidator for validating book numbers.
        <a href="http://issues.apache.org/bugzilla/show_bug.cgi?id=31489">PR# 31489</a>
      </action>
      <action dev="dgraham" type="update">
        Upgrade dependency versions to
        <a href="http://jakarta.apache.org/commons/beanutils/">Commons BeanUtils</a> 1.7.0, 
        <a href="http://jakarta.apache.org/commons/digester/">Commons Digester</a> 1.6 
        and <a href="http://jakarta.apache.org/commons/logging/">Commons Logging</a> 1.0.4. 
        Remove dependency on 
        <a href="http://jakarta.apache.org/commons/beanutils/">Commons Collections</a> 
        (BeanUtils 1.7.0 has removed its dependency on Collections by including the
         few Collections classes required in its distribution).
      </action>
      <action dev="husted" type="add">
        Add support for min or max numeric values.
        <a href="http://issues.apache.org/bugzilla/show_bug.cgi?id=29015">PR# 29015</a>
      </action>
      <action dev="husted" type="add">
        Allow validators to register errors for multiple fields. 
        <a href="http://issues.apache.org/bugzilla/show_bug.cgi?id=29151">PR# 29151</a>
      </action>
      <action dev="husted" type="fix">
        Fixed EmailValidator failing on valid email addresses.
        <a href="http://issues.apache.org/bugzilla/show_bug.cgi?id=23990">PR# 23990</a>
      </action>
      <action dev="rleland" type="add">
        Allow forms to inherit validation rules from other forms.
        <a href="http://issues.apache.org/bugzilla/show_bug.cgi?id=27870">PR# 27870</a>
      </action>
      <action dev="niallp" type="add">
        Remove the need to specify an Arguement's position.
        <a href="http://issues.apache.org/bugzilla/show_bug.cgi?id=31194">PR# 31194</a>
      </action>
      <action dev="dgraham" type="add">
        Deprecated all FastHashMap usage and provided protected get
        methods that return generic Maps to be used by subclasses.
        (fixes <a href="http://issues.apache.org/bugzilla/show_bug.cgi?id=29815">PR# 29815</a>
         Request public methods to access constants in ValidatorResources.)
      </action>
      <action dev="mrdon" type="fix">
        Handling of float and double should use the locale object.
        <a href="http://issues.apache.org/bugzilla/show_bug.cgi?id=34198">PR# 34198</a> and
        <a href="http://issues.apache.org/bugzilla/show_bug.cgi?id=21282">PR# 21282</a>
      </action>
      <action dev="mrdon" type="update">
        More informative Exception message when validation method not found.
        <a href="http://issues.apache.org/bugzilla/show_bug.cgi?id=27471">PR# 27471</a>
      </action>
      <action dev="mrdon" type="fix">
        Client-side required validation inconsistent with server-side.
        <a href="http://issues.apache.org/bugzilla/show_bug.cgi?id=15912">PR# 15912</a>
      </action>
      <action dev="mrdon" type="fix">
        EmailValidator allows apostrophes in domain name.
        <a href="http://issues.apache.org/bugzilla/show_bug.cgi?id=29541">PR# 29541</a>
      </action>
      <action dev="mrdon" type="fix">
        Changing the strategy for locating form name/id, now use a common utility
        function which works in both IE and Firefox.
        <a href="http://issues.apache.org/bugzilla/show_bug.cgi?id=35127">PR# 35127</a> and
        <a href="http://issues.apache.org/bugzilla/show_bug.cgi?id=32760">PR# 32760</a>
      </action>
      <action dev="mrdon" type="fix">
        Validation fails when "name" attribute in form not specified.
        <a href="http://issues.apache.org/bugzilla/show_bug.cgi?id=35294">PR# 35294</a> and
        <a href="http://issues.apache.org/bugzilla/show_bug.cgi?id=31534">PR# 31534</a>
      </action>
      <action dev="mrdon" type="fix">
        UrlValidator fails http://www.google.com.
        <a href="http://issues.apache.org/bugzilla/show_bug.cgi?id=30686">PR# 30686</a>
      </action>
      <action dev="mrdon" type="fix">
        Email: inexisting dashes and TLD erroneously accepted.
        <a href="http://issues.apache.org/bugzilla/show_bug.cgi?id=33409">PR# 33409</a> and
        <a href="http://issues.apache.org/bugzilla/show_bug.cgi?id=31644">PR# 31644</a>
      </action>
      <action dev="mrdon" type="fix">
        Float validator can't validate the string with several dot.
        <a href="http://issues.apache.org/bugzilla/show_bug.cgi?id=32351">PR# 32351</a>
      </action>
      <action dev="mrdon" type="fix">
        CreditValidator does not handle Visa correctly.
        <a href="http://issues.apache.org/bugzilla/show_bug.cgi?id=35926">PR# 35926</a>
      </action>
      <action dev="mrdon" type="fix">
        datePattern not supported by JavaScript.
        <a href="http://issues.apache.org/bugzilla/show_bug.cgi?id=22384">PR# 22384</a>
      </action>
      <action dev="mrdon" type="fix">
        validateRequired on a single radio button.
        <a href="http://issues.apache.org/bugzilla/show_bug.cgi?id=33047">PR# 33047</a>
      </action>
      <action dev="mrdon" type="fix">
        Field.validate() cannot be invoked from user-defined code.
        <a href="http://issues.apache.org/bugzilla/show_bug.cgi?id=35508">PR# 35508</a>
      </action>
      <action dev="mrdon" type="fix">
        Locale validation doesn't validate all fields.
        <a href="http://issues.apache.org/bugzilla/show_bug.cgi?id=30955">PR# 30955</a> and
        <a href="http://issues.apache.org/bugzilla/show_bug.cgi?id=16920">PR# 16920</a>
      </action>
      <action dev="mrdon" type="fix">
        XML file included into validation.xml via entity reference not found.
        <a href="http://issues.apache.org/bugzilla/show_bug.cgi?id=27258">PR# 27258</a>
      </action>
      <action dev="niallp" type="fix">
        Update maven build to Include DTDs and xdocs in the source distribution.
        <a href="http://issues.apache.org/bugzilla/show_bug.cgi?id=31094">PR# 31094</a>
      </action>
      <action dev="niallp" type="fix">
        Remove logging of exceptions when the Date validation fails (correctly) with
        an invalid date.
      </action>
      <action dev="niallp" type="fix">
        Add version 1.1.3 of the DTD from the VALIDATOR_1_1_2_BRANCH and change
        digester rules so that the old arg0-arg3 values are not ignored for
        versions of the DTD prior to 1.2.0.
      </action>
      <action dev="niallp" type="add">
        Add 'resource' and 'bundle' elements to the 1.2.0 DTD.
        <a href="http://issues.apache.org/bugzilla/show_bug.cgi?id=32522">PR# 32522</a>
      </action>
      <action dev="niallp" type="add">
        Provide access to the result object in ValidatorResult.
        <a href="http://issues.apache.org/bugzilla/show_bug.cgi?id=27671">PR# 27671</a>
      </action>
      <action dev="niallp" type="fix">
        Validation breaks on multiple validation.xml (eg. with Struts 1.3).
        <a href="http://issues.apache.org/bugzilla/show_bug.cgi?id=36899">PR# 36899</a>
      </action>
      <action dev="niallp" type="fix">
        GenericTypeValidator does not accept negative Floats/Doubles.
        <a href="http://issues.apache.org/bugzilla/show_bug.cgi?id=36878">PR# 36878</a>
      </action>
      <action dev="niallp" type="fix">
        correct UrlValidator JavaDoc.
        <a href="http://issues.apache.org/bugzilla/show_bug.cgi?id=37192">PR# 37192</a>
      </action>
      <action dev="niallp" type="add">
        Search the locale 'hierarchy' of formsets for a Form.
        <a href="http://issues.apache.org/bugzilla/show_bug.cgi?id=37310">PR# 37310</a>
      </action>
      <action dev="niallp" type="fix">
         Int validation in Java and Javascript have different semantics.
        <a href="http://issues.apache.org/bugzilla/show_bug.cgi?id=37300">PR# 37300</a>
      </action>
      <action dev="niallp" type="fix">
         Javascript Validation currently uses unsupported DOM method getAttributeNode().
        <a href="http://issues.apache.org/bugzilla/show_bug.cgi?id=37315">PR# 37315</a>
      </action>
    </release>
  
    <release version="1.1.4" date="2004-11-12">
      <action dev="niallp" type="add">
        Added getMessage(key) and getMessages() methods to Field (PR# 29452)
      </action>
      <action dev="niallp" type="add">
        Added resource property (including getter/setter) to Msg to support
        the 'resource' attribute specified in the DTD. 
      </action>
    </release>

    <release version="1.1.3" date="2004-08-25">
      <action dev="dgraham" type="fix">
        Fixed javascript file reading in Java WebStart environment.
        PR# 28257
      </action>
      <action dev="mrdon" type="fix">
        Fixed javascript email domain length limited to 2 or 3 chars.
        PR# 29532
      </action>
    </release>

    <release version="1.1.2 (alpha)" date="2004-04-03">
      <action dev="rleland" type="fix">
        Javascript validation doesn't work if a form field is 
        called "name".
        PR# 27899
      </action>
      <action dev="rleland" type="update">
        Allow multiple forms to be on the same page by 
        generating a unique variable name based on form name.
        PR# 17667
      </action>
      <action dev="rleland" type="add">
        Validate file extensions for file uploads. PR# 26585
      </action>
      <action dev="rleland" type="add">
        Add Support for hidden fields in javascript 
        validations. PR# 26584
      </action>
      <action dev="dgraham" type="update">
        The framework will convert checked exceptions into 
        ValidatorExceptions so any ValidatorException thrown out 
        of the framework indicates a 'system' exception that 
        stops validation processing. If a pluggable validation 
        method throws a ValidatorException it will be rethrown 
        and passed out of the framework. Any other exception from 
        a pluggable validation method is still considered a validation 
        failure rather than a system exception to maintain backwards 
        compatibility. PR# 24369
      </action>
      <action dev="dgraham" type="add">
        Added a more flexible card validation system that doesn't 
        require CreditCardValidator to support every brand of 
        credit card. PR# 25869
      </action>
      <action dev="dgraham" type="update">
        Throw RuntimeException if clone fails instead of InternalError.
      </action>
      <action dev="dgraham" type="add">
         Added Flags.clear().
      </action>
    </release>
    
    <release version="1.1.1 (alpha)" date="2003-12-15">
      <action dev="rleland" type="add">
        Add javadoc to javascript, and use             
        <a href="http://jsdoc.sf.net"> jsdoc</a> to process it.
      </action>              
      <action dev="rleland" type="fix">
        Ignore validation criteria when field is disabled for all field types.
      </action>                    
      <action dev="rleland" type="add">
        Add required check for single checkbox.      
      </action>
      <action dev="rleland" type="add">
        Let max/min length also cover passwords fields. Don't use 
        these for checking login pages, only when the user is 
        modifying the password.      
      </action>
      <action dev="dgraham" type="add">
        Added Field.getArgs(String) to make it easier to retrieve 
        all of the Args for a given validator.      
      </action>
      <action dev="rleland" type="fix">
        Modify javascript to honor datapattern option.      
      </action>
      <action dev="rleland" type="add">
        Add ability of required to handle checkboxes, radio, select-one, 
        and select-multiple field types.      
      </action>
      <action dev="rleland" type="add">
        Add ability to use required condition on array types like checkboxes.      
      </action>
    </release>    

    <release version="1.1.0 (alpha)" date="2003-08-26">
      <action dev="dgraham" type="update">
        Move Digester rule configuration to XML file and remove 
        ValidatorResourcesInitializer. ValidatorResources now 
        knows how to initialize itself.
      </action>              
      <action dev="dgraham" type="update">
        Clean up scopes of methods and variables.
      </action>              
      <action dev="dgraham" type="update">
        Make Arg system more flexible to allow any number of 
        args in a message.
      </action>              
      <action dev="dgraham" type="update">
        Validate validation.xml files while initializing a Validator 
        to alert developers to configuration errors.
      </action>              
      <action dev="dgraham" type="add">
        Refactored <code>GenericValidator</code> methods into reusable 
        objects.  These include: CreditCardValidator, EmailValidator, 
        DateValidator, and UrlValidator.
      </action>  
      <action dev="dgraham" type="update">
        <p><strong>Backwards Incompatible Changes</strong></p>
        <ul>
        	<li>
        		&lt;msg&gt;'s name and key attributes are now required.  The Validator code was
        		enforcing this constraint so now it's formally defined in the DTD.
        	</li>
        </ul>
      </action>      
      <action dev="dgraham" type="remove">      
      	<p>Deprecated items; see the javadoc for details and replacements.</p>
        <ul>
            <li>
        	     The &lt;arg0-3&gt; elements have been replaced with a single &lt;arg&gt; element
        	     with a new <code>position</code> attribute.  Setting position to 0 is the equivalent
        	     of an &lt;arg0&gt; element.  
        	</li>
        	<li>
        	     <code>Arg.getResource()</code>
        	</li>
        	<li>
        	     <code>CreditCardValidator.isValidPrefix()</code>
        	</li>
        	<li>
        	     <code>Field.ARG_DEFAULT</code>
        	</li>
        	<li>
        	     <code>Field.hDependencies</code>
        	</li>
        	<li>
        	     <code>Field.hArg0 - Field.hArg3</code>
        	</li>
        	<li>
        	     <code>Field.addArg0() - Field.addArg3()</code>
        	</li>
        	<li>
        	     <code>Field.getArg0() - Field.getArg3()</code>
        	</li>
        	<li>
        	     <code>Field.addVarParam()</code>
        	</li>
        	<li>
        	     <code>Field.process()</code>
        	</li>
        	<li>
        	     <code>Field.processMessageComponents()</code>
        	</li>
        	<li>
        	     <code>Field.getDependencies()</code>
        	</li>
        	<li>
        	     <code>Form.getFieldMap()</code>
        	</li>
        	<li>
        	     <code>Form.process()</code>
        	</li>
        	<li>
        	     <code>FormSet.addConstant()</code>
        	</li>
        	<li>
        	     <code>FormSet.addConstantParam()</code>
        	</li>
        	<li>
        	     <code>FormSet.getForm(Object)</code>
        	</li>
        	<li>
        	     <code>FormSet.process()</code>
        	</li>
        	<li>
        	     <code>GenericValidator.REGEXP_DELIM</code>
        	</li>
        	<li>
        	     <code>GenericValidator.validateCreditCardLuhnCheck()</code>
        	</li>
        	<li>
        	     <code>GenericValidator.validateCreditCardPrefixCheck()</code>
        	</li>
        	<li>
        	     <code>GenericValidator.getDelimittedRegExp()</code>
        	</li>
        	<li>
        	     <code>Validator.BEAN_KEY</code>
        	</li>
        	<li>
        	     <code>Validator.VALIDATOR_ACTION_KEY</code>
        	</li>
        	<li>
        	     <code>Validator.FIELD_KEY</code>
        	</li>
        	<li>
        	     <code>Validator.VALIDATOR_KEY</code>
        	</li>
        	<li>
        	     <code>Validator.LOCALE_KEY</code>
        	</li>
        	<li>
        	     <code>Validator.hResources</code>
        	</li>
        	<li>
        	     <code>Validator.addResource()</code>
        	</li>
        	<li>
        	     <code>Validator.getResource()</code>
        	</li>
        	<li>
        	     <code>ValidatorAction.process()</code>
        	</li>
        	<li>
        	     <code>ValidatorAction.getDependencies()</code>
        	</li>
        	<li>
        	     <code>ValidatorResources.put()</code>
        	</li>
        	<li>
        	     <code>ValidatorResources.addConstant()</code>
        	</li>
        	<li>
        	     <code>ValidatorResources.addConstantParam()</code>
        	</li>
        	<li>
        	     <code>ValidatorResources.get()</code>
        	</li>
        	<li>
        	     <code>ValidatorResources.processForms()</code>
        	</li>
        	<li>
        	     <code>ValidatorResourcesInitializer</code>
        	</li>
        	<li>
        	     <code>ValidatorResult.getValid()</code>
        	</li>
        	<li>
        	     <code>ValidatorResults.empty()</code>
        	</li>
        	<li>
        	     <code>ValidatorResults.get()</code>
        	</li>
        	<li>
        	     <code>ValidatorResults.properties()</code>
        	</li>
        	<li>
        	     <code>ValidatorUtil</code>
        	</li>
        </ul>
      </action>              
    </release>
    
  </body>
</document>
