<?xml version="1.0" encoding="ISO-8859-1"?>
<!DOCTYPE org.apache.commons.menus SYSTEM '../../commons-build/menus/menus.dtd'>
<!--
   Copyright 2003-2005 The Apache Software Foundation

   Licensed under the Apache License, Version 2.0 (the "License");
   you may not use this file except in compliance with the License.
   You may obtain a copy of the License at

       http://www.apache.org/licenses/LICENSE-2.0

   Unless required by applicable law or agreed to in writing, software
   distributed under the License is distributed on an "AS IS" BASIS,
   WITHOUT WARRANTIES OR CONDITIONS OF ANY KIND, either express or implied.
   See the License for the specific language governing permissions and
   limitations under the License.
-->
<project name="Validator">

  <title>Validator</title>
  <organizationLogo href="/images/jakarta-logo-blue.gif">Jakarta</organizationLogo>

  <body>
    <links>
      <item name="Jakarta"                   
            href="http://jakarta.apache.org"/>
      <item name="Jakarta Commons"                   
            href="http://jakarta.apache.org/commons/"/>
    </links>

    <menu name="Validator">
      <item name="Overview"                href="/index.html"/>
      <item name="Community"               href="/community.html"/>
      <item name="Downloads"               href="/downloads.html"/>
      <item name="To Do List"              href="/tasks.html"/>
      <item name="Javadoc" href="apidocs/index.html"/>
      <item name="Javascript Javadoc"      href="/javascript/org/apache/commons/validator/javascript/index.html"/>
    </menu>
    
    &common-menus;
    
  </body>
</project>
