<!--
   Copyright 2003-2005 The Apache Software Foundation

   Licensed under the Apache License, Version 2.0 (the "License");
   you may not use this file except in compliance with the License.
   You may obtain a copy of the License at

       http://www.apache.org/licenses/LICENSE-2.0

   Unless required by applicable law or agreed to in writing, software
   distributed under the License is distributed on an "AS IS" BASIS,
   WITHOUT WARRANTIES OR CONDITIONS OF ANY KIND, either express or implied.
   See the License for the specific language governing permissions and
   limitations under the License.
-->

<project default="java:jar">

  <!-- ================================================================== -->
  <!-- START : C O M M O N S - B U I L D                                  -->
  <!-- ================================================================== -->
  <!-- Required: Look and Feel for documentation within distributions     -->
  <!-- ================================================================== -->
  <postGoal name="xdoc:copy-resources">  
    <copy todir="${maven.build.dir}/docs/style/" failonerror="false">
      <fileset dir="${basedir}/../commons-build/xdocs/style">
      	<include name='**/*'/>
      	<exclude name='**/CVS/**'/>
      </fileset>
    </copy>
  </postGoal>
  <!-- ================================================================== -->
  <!-- END: C O M M O N S - B U I L D                                     -->
  <!-- ================================================================== -->

  <preGoal name="xdoc:jelly-transform">
    <attainGoal name="html2xdoc"/>
  </preGoal>

  <postGoal name="java:compile">
    
    <copy todir="${maven.build.dir}/classes/">
      <fileset dir="${pom.build.sourceDirectory}"
          excludes="**/*.java"/>
    </copy>

    <copy todir="${maven.build.dir}/classes/org/apache/commons/validator/resources/">
      <fileset dir="${basedir}/conf/share"
          includes="validator*.dtd"/>
    </copy>

    <copy todir="${maven.build.dir}/classes/">
      <fileset dir="src/javascript"
          includes="**/*.js"/>
    </copy>

  </postGoal>

  <!-- ================================================================== -->
  <!-- Copy into the binary distribution                                  -->
  <!-- ================================================================== -->
  <postGoal name="dist:prepare-bin-filesystem">

    <!-- Copy the NOTICE -->
    <copy todir="${maven.dist.bin.assembly.dir}">
      <fileset file='${basedir}/NOTICE.txt'/>
    </copy>

  </postGoal>


  <!-- ================================================================== -->
  <!-- Copy into the source distribution                                  -->
  <!-- ================================================================== -->
  <postGoal name="dist:prepare-src-filesystem">

    <!-- Copy the NOTICE -->
    <copy todir="${maven.dist.src.assembly.dir}">
      <fileset file='${basedir}/NOTICE.txt'/>
      <fileset file="${basedir}/RELEASE-NOTES.readme"/>
    </copy>

    <!-- Copy xdoc files -->
    <copy todir="${maven.dist.src.assembly.dir}/xdocs">
      <fileset dir="./xdocs"/>
    </copy>

    <!-- Copy etc files -->
    <copy todir="${maven.dist.src.assembly.dir}/etc">
      <fileset dir="./etc">
        <include name="*.bat"/>
        <include name="*.sh"/>
      </fileset>
    </copy>

    <!-- Copy configuration files -->
    <copy todir="${maven.dist.src.assembly.dir}/conf/share">
      <fileset dir="./conf/share">
        <include name="*.xml"/>
        <include name="*.dtd"/>
        <include name="*.txt"/>
        <include name="*.MF"/>
      </fileset>
    </copy>

  </postGoal>

  <postGoal name="maven-javadoc-plugin:report"> 
    <mkdir dir="${maven.build.dir}/docs/javascript/org/apache/commons/validator/javascript/doc-files" /> 
    <attainGoal name="javadoc.js.unix"/>
    <attainGoal name="javadoc.js.windows"/>

    <copy todir="${maven.build.dir}/docs/javascript/org/apache/commons/validator/javascript/doc-files">
      <fileset dir="${javascript.home}/org/apache/commons/validator/javascript/doc-files" includes="*.gif"/>
    </copy>

  </postGoal>

  <goal name="javadoc.js.unix">
    <exec  executable="bash" failifexecutionfails="false">
         <arg line="-c 'etc/jsdoc.sh ${jsdoc.home} ${javascript.home} ${maven.build.dir}/docs/javascript' "/>
    </exec>
  </goal>

  <goal name="javadoc.js.windows">
    <exec  executable="etc/jsdoc.bat" failifexecutionfails="false">
         <arg line="${jsdoc.home} ${javascript.home} ${maven.build.dir}/docs/javascript"/>
    </exec>
  </goal>



</project>

